{"cameraMode":{"drawMode":0,"name":"Shaded","section":"Shading Mode"},"sceneLighting":false,"audioPlay":false,"sceneViewState":{"showFog":true,"showMaterialUpdate":false,"showSkybox":false,"showFlares":true,"showImageEffects":true,"showParticleSystems":true},"in2DMode":false,"pivot":{"x":-0.3961527347564697,"y":1.1822514533996583,"z":0.19117310643196107},"rotation":{"x":-0.03423456475138664,"y":-0.7661293745040894,"z":0.04095147177577019,"w":-0.6404660940170288},"size":2.5578839778900148,"orthographic":false}