{"cameraMode":{"drawMode":0,"name":"Shaded","section":"Shading Mode"},"sceneLighting":false,"audioPlay":false,"sceneViewState":{"showFog":true,"showMaterialUpdate":false,"showSkybox":false,"showFlares":true,"showImageEffects":true,"showParticleSystems":true},"in2DMode":false,"pivot":{"x":0.0,"y":0.9500000476837158,"z":0.19999998807907105},"rotation":{"x":-0.12647348642349244,"y":-0.5861217975616455,"z":0.7948383092880249,"w":-0.0932624340057373},"size":1.9578838348388672,"orthographic":false}