{"cameraMode":{"drawMode":0,"name":"Shaded","section":"Shading Mode"},"sceneLighting":true,"audioPlay":false,"sceneViewState":{"showFog":true,"showMaterialUpdate":false,"showSkybox":false,"showFlares":true,"showImageEffects":true,"showParticleSystems":true},"in2DMode":false,"pivot":{"x":0.06319442391395569,"y":0.13003292679786683,"z":1.8180441856384278},"rotation":{"x":0.5893732309341431,"y":-0.033172544091939929,"z":0.02423238568007946,"w":0.8068156838417053},"size":1.1461267471313477,"orthographic":false}